Workbook

Sheet How to use
A1: attestqa planner
A2: Source | B2: AQ-05 Implementation Plan and Release Schedule v1.3 (10 Oct 2026). Planned hours are estimates from that document.
A3: Capacity | B3: 4–5 hours a day, 7 days a week, as stated by Vijay. Daily capacity is set once on the Settings sheet.
A4: What to fill in | B4: Only cells with blue text on a yellow background. Everything else is calculated.
A5: Daily log | B5: Each day: hours worked, the release it went to (filled automatically from the date), what you did, and whether the journal line was written.
A6: Work items | B6: When an item is done: actual hours and status. Status choices: Not started, In progress, Done, Moved.
A7: Releases | B7: Calculated: planned hours, hours logged in that cycle, capacity of the cycle, and the gap. Fill in the release status and the Zenodo DOI after release day.
A8: Weeks | B8: Calculated weekly totals against 31 hours, for a quick check every Sunday.
A9: Example daily entry | B9: Date 12 Oct 2026 · Hours 4.5 · What I did: 'Monorepo created; agentic-qa history imported with git subtree; f2771d4 resolves' · Journal: Yes
A10: Rule from AQ-05 §6 | B10: A release ships on the 15th with whatever is finished and tested. Unfinished work items are marked Moved and added to the next release.

Sheet Releases
A1: Release | B1: Cycle starts | C1: Release date | D1: Headline | E1: Days in cycle | F1: Capacity h | G1: Planned work h | H1: Planned / capacity | I1: Hours logged | J1: Logged − planned | K1: Items done | L1: Items total | M1: Status | N1: Zenodo DOI
A2: v1.0.0 | B2: 46307 | C2: 46341 | D2: Major: engine and CLI: Jira/ADO stories to governed tests, any company model | E2: =C2-B2+1 -> 35 | F2: =E2*Settings!$B$2 -> 157.5 | G2: =SUMIFS('Work items'!$D$2:$D$46,'Work items'!$A$2:$A$46,A2) -> 138 | H2: =IF(F2=0,0,G2/F2) -> 0.87619048 | I2: =SUMIFS('Daily log'!$D$2:$D$370,'Daily log'!$C$2:$C$370,A2) -> 0 | J2: =I2-G2 -> -138 | K2: =COUNTIFS('Work items'!$A$2:$A$46,A2,'Work items'!$F$2:$F$46,"Done") -> 0 | L2: =COUNTIFS('Work items'!$A$2:$A$46,A2) -> 7 | M2: Planned
A3: v1.1.0 | B3: 46342 | C3: 46371 | D3: Company sign-in, healing suggestions, Selenium import | E3: =C3-B3+1 -> 30 | F3: =E3*Settings!$B$2 -> 135 | G3: =SUMIFS('Work items'!$D$2:$D$46,'Work items'!$A$2:$A$46,A3) -> 114 | H3: =IF(F3=0,0,G3/F3) -> 0.84444444 | I3: =SUMIFS('Daily log'!$D$2:$D$370,'Daily log'!$C$2:$C$370,A3) -> 0 | J3: =I3-G3 -> -114 | K3: =COUNTIFS('Work items'!$A$2:$A$46,A3,'Work items'!$F$2:$F$46,"Done") -> 0 | L3: =COUNTIFS('Work items'!$A$2:$A$46,A3) -> 4 | M3: Planned
A4: v1.2.0 | B4: 46372 | C4: 46402 | D4: First signed Windows app: Attest | E4: =C4-B4+1 -> 31 | F4: =E4*Settings!$B$2 -> 139.5 | G4: =SUMIFS('Work items'!$D$2:$D$46,'Work items'!$A$2:$A$46,A4) -> 125 | H4: =IF(F4=0,0,G4/F4) -> 0.89605735 | I4: =SUMIFS('Daily log'!$D$2:$D$370,'Daily log'!$C$2:$C$370,A4) -> 0 | J4: =I4-G4 -> -125 | K4: =COUNTIFS('Work items'!$A$2:$A$46,A4,'Work items'!$F$2:$F$46,"Done") -> 0 | L4: =COUNTIFS('Work items'!$A$2:$A$46,A4) -> 4 | M4: Planned
A5: v1.3.0 | B5: 46403 | C5: 46433 | D5: Requirements and Specify in the app | E5: =C5-B5+1 -> 31 | F5: =E5*Settings!$B$2 -> 139.5 | G5: =SUMIFS('Work items'!$D$2:$D$46,'Work items'!$A$2:$A$46,A5) -> 120 | H5: =IF(F5=0,0,G5/F5) -> 0.86021505 | I5: =SUMIFS('Daily log'!$D$2:$D$370,'Daily log'!$C$2:$C$370,A5) -> 0 | J5: =I5-G5 -> -120 | K5: =COUNTIFS('Work items'!$A$2:$A$46,A5,'Work items'!$F$2:$F$46,"Done") -> 0 | L5: =COUNTIFS('Work items'!$A$2:$A$46,A5) -> 4 | M5: Planned
A6: v1.4.0 | B6: 46434 | C6: 46461 | D6: Explore; web testing complete | E6: =C6-B6+1 -> 28 | F6: =E6*Settings!$B$2 -> 126 | G6: =SUMIFS('Work items'!$D$2:$D$46,'Work items'!$A$2:$A$46,A6) -> 115 | H6: =IF(F6=0,0,G6/F6) -> 0.91269841 | I6: =SUMIFS('Daily log'!$D$2:$D$370,'Daily log'!$C$2:$C$370,A6) -> 0 | J6: =I6-G6 -> -115 | K6: =COUNTIFS('Work items'!$A$2:$A$46,A6,'Work items'!$F$2:$F$46,"Done") -> 0 | L6: =COUNTIFS('Work items'!$A$2:$A$46,A6) -> 3 | M6: Planned
A7: v2.0.0 | B7: 46462 | C7: 46492 | D7: Major: API testing | E7: =C7-B7+1 -> 31 | F7: =E7*Settings!$B$2 -> 139.5 | G7: =SUMIFS('Work items'!$D$2:$D$46,'Work items'!$A$2:$A$46,A7) -> 110 | H7: =IF(F7=0,0,G7/F7) -> 0.78853047 | I7: =SUMIFS('Daily log'!$D$2:$D$370,'Daily log'!$C$2:$C$370,A7) -> 0 | J7: =I7-G7 -> -110 | K7: =COUNTIFS('Work items'!$A$2:$A$46,A7,'Work items'!$F$2:$F$46,"Done") -> 0 | L7: =COUNTIFS('Work items'!$A$2:$A$46,A7) -> 4 | M7: Planned
A8: v2.1.0 | B8: 46493 | C8: 46522 | D8: API Explore; contracts from traffic | E8: =C8-B8+1 -> 30 | F8: =E8*Settings!$B$2 -> 135 | G8: =SUMIFS('Work items'!$D$2:$D$46,'Work items'!$A$2:$A$46,A8) -> 100 | H8: =IF(F8=0,0,G8/F8) -> 0.74074074 | I8: =SUMIFS('Daily log'!$D$2:$D$370,'Daily log'!$C$2:$C$370,A8) -> 0 | J8: =I8-G8 -> -100 | K8: =COUNTIFS('Work items'!$A$2:$A$46,A8,'Work items'!$F$2:$F$46,"Done") -> 0 | L8: =COUNTIFS('Work items'!$A$2:$A$46,A8) -> 3 | M8: Planned
A9: v3.0.0 | B9: 46523 | C9: 46553 | D9: Major: web version of attestqa | E9: =C9-B9+1 -> 31 | F9: =E9*Settings!$B$2 -> 139.5 | G9: =SUMIFS('Work items'!$D$2:$D$46,'Work items'!$A$2:$A$46,A9) -> 105 | H9: =IF(F9=0,0,G9/F9) -> 0.75268817 | I9: =SUMIFS('Daily log'!$D$2:$D$370,'Daily log'!$C$2:$C$370,A9) -> 0 | J9: =I9-G9 -> -105 | K9: =COUNTIFS('Work items'!$A$2:$A$46,A9,'Work items'!$F$2:$F$46,"Done") -> 0 | L9: =COUNTIFS('Work items'!$A$2:$A$46,A9) -> 3 | M9: Planned
A10: v3.1.0 | B10: 46554 | C10: 46583 | D10: MCP and multi-user approvals | E10: =C10-B10+1 -> 30 | F10: =E10*Settings!$B$2 -> 135 | G10: =SUMIFS('Work items'!$D$2:$D$46,'Work items'!$A$2:$A$46,A10) -> 100 | H10: =IF(F10=0,0,G10/F10) -> 0.74074074 | I10: =SUMIFS('Daily log'!$D$2:$D$370,'Daily log'!$C$2:$C$370,A10) -> 0 | J10: =I10-G10 -> -100 | K10: =COUNTIFS('Work items'!$A$2:$A$46,A10,'Work items'!$F$2:$F$46,"Done") -> 0 | L10: =COUNTIFS('Work items'!$A$2:$A$46,A10) -> 3 | M10: Planned
A11: v4.0.0 | B11: 46584 | C11: 46614 | D11: Major: security testing | E11: =C11-B11+1 -> 31 | F11: =E11*Settings!$B$2 -> 139.5 | G11: =SUMIFS('Work items'!$D$2:$D$46,'Work items'!$A$2:$A$46,A11) -> 105 | H11: =IF(F11=0,0,G11/F11) -> 0.75268817 | I11: =SUMIFS('Daily log'!$D$2:$D$370,'Daily log'!$C$2:$C$370,A11) -> 0 | J11: =I11-G11 -> -105 | K11: =COUNTIFS('Work items'!$A$2:$A$46,A11,'Work items'!$F$2:$F$46,"Done") -> 0 | L11: =COUNTIFS('Work items'!$A$2:$A$46,A11) -> 3 | M11: Planned
A12: v4.1.0 | B12: 46615 | C12: 46645 | D12: Active scanning | E12: =C12-B12+1 -> 31 | F12: =E12*Settings!$B$2 -> 139.5 | G12: =SUMIFS('Work items'!$D$2:$D$46,'Work items'!$A$2:$A$46,A12) -> 110 | H12: =IF(F12=0,0,G12/F12) -> 0.78853047 | I12: =SUMIFS('Daily log'!$D$2:$D$370,'Daily log'!$C$2:$C$370,A12) -> 0 | J12: =I12-G12 -> -110 | K12: =COUNTIFS('Work items'!$A$2:$A$46,A12,'Work items'!$F$2:$F$46,"Done") -> 0 | L12: =COUNTIFS('Work items'!$A$2:$A$46,A12) -> 3 | M12: Planned
A13: v5.0.0 | B13: 46646 | C13: 46675 | D13: Major: ETL testing; all four types | E13: =C13-B13+1 -> 30 | F13: =E13*Settings!$B$2 -> 135 | G13: =SUMIFS('Work items'!$D$2:$D$46,'Work items'!$A$2:$A$46,A13) -> 110 | H13: =IF(F13=0,0,G13/F13) -> 0.81481481 | I13: =SUMIFS('Daily log'!$D$2:$D$370,'Daily log'!$C$2:$C$370,A13) -> 0 | J13: =I13-G13 -> -110 | K13: =COUNTIFS('Work items'!$A$2:$A$46,A13,'Work items'!$F$2:$F$46,"Done") -> 0 | L13: =COUNTIFS('Work items'!$A$2:$A$46,A13) -> 4 | M13: Planned
D15: Total | F15: =SUM(F2:F13) -> 1660.5 | G15: =SUM(G2:G13) -> 1352 | H15: =IF(F15=0,0,G15/F15) -> 0.81421259 | I15: =SUM(I2:I13) -> 0
D17: Planned / capacity turns red above the share set on Settings (85%).

Sheet Settings
A1: Setting | B1: Value | C1: Note
A2: Planned hours per day | B2: 4.5 | C2: Stated by Vijay: 4–5 hours a day, 7 days a week
A3: Planned hours per week | B3: =B2*7 -> 31.5 | C3: Calculated
A4: Share of capacity planned as work | B4: 0.85 | C4: AQ-05 §1: about 115 of 135 hours a month; the rest is slack

Sheet Work items
A1: Release | B1: # | C1: Work item | D1: Planned h | E1: Actual h | F1: Status | G1: Done on | H1: Notes
A2: v1.0.0 | B2: 1 | C2: Monorepo set-up, subtree import of agentic-qa, research log live | D2: 15 | F2: Not started
A3: v1.0.0 | B3: 2 | C3: Publish attestqa 1.1.0 and the compatibility shim from the old repository | D3: 3 | F3: Not started
A4: v1.0.0 | B4: 3 | C4: Engine 2.0: ledger additions, tool literal, replay tests over the Paper I corpus | D4: 25 | F4: Not started
A5: v1.0.0 | B5: 4 | C5: Provider conformance suite, TokenSource, registerProvider, gateway | D5: 20 | F5: Not started
A6: v1.0.0 | B6: 5 | C6: Tracker interface over the Azure DevOps MCP path; Jira adapter | D6: 40 | F6: Not started
A7: v1.0.0 | B7: 6 | C7: Coverage tags and aqa coverage; report completeness | D7: 25 | F7: Not started
A8: v1.0.0 | B8: 7 | C8: synthdata as a package; shared triage fixtures with pw-triage | D8: 10 | F8: Not started
A9: v1.1.0 | B9: 1 | C9: AWS Bedrock provider; Entra ID and AWS SSO token sources | D9: 37 | F9: Not started
A10: v1.1.0 | B10: 2 | C10: pw-self-heal in the heal role, suggest-only, with fixture test | D10: 20 | F10: Not started
A11: v1.1.0 | B11: 3 | C11: aqa import selenium through sel2pw | D11: 12 | F11: Not started
A12: v1.1.0 | B12: 4 | C12: Desktop groundwork: client interface, FakeClient, Electron skeleton | D12: 45 | F12: Not started
A13: v1.2.0 | B13: 1 | C13: Attest screen and approval dialog | D13: 45 | F13: Not started
... A46: v5.0.0 | B46: 4 | C46: First-year review and year-two roadmap | D46: 15 | F46: Not started
C48: Total | D48: =SUM(D2:D46) -> 1352 | E48: =SUM(E2:E46) -> 0

Sheet Daily log
A1: Date | B1: Day | C1: Release cycle | D1: Hours | E1: What I did | F1: Journal written?
A2: 46307 | B2: =TEXT(A2,"ddd") -> Mon | C2: =INDEX(Releases!$A$2:$A$13,MATCH(A2,Releases!$B$2:$B$13,1)) -> v1.0.0
A3: 46308 | B3: =TEXT(A3,"ddd") -> Tue | C3: =INDEX(Releases!$A$2:$A$13,MATCH(A3,Releases!$B$2:$B$13,1)) -> v1.0.0
A4: 46309 | B4: =TEXT(A4,"ddd") -> Wed | C4: =INDEX(Releases!$A$2:$A$13,MATCH(A4,Releases!$B$2:$B$13,1)) -> v1.0.0
A5: 46310 | B5: =TEXT(A5,"ddd") -> Thu | C5: =INDEX(Releases!$A$2:$A$13,MATCH(A5,Releases!$B$2:$B$13,1)) -> v1.0.0
A6: 46311 | B6: =TEXT(A6,"ddd") -> Fri | C6: =INDEX(Releases!$A$2:$A$13,MATCH(A6,Releases!$B$2:$B$13,1)) -> v1.0.0
A7: 46312 | B7: =TEXT(A7,"ddd") -> Sat | C7: =INDEX(Releases!$A$2:$A$13,MATCH(A7,Releases!$B$2:$B$13,1)) -> v1.0.0
A8: 46313 | B8: =TEXT(A8,"ddd") -> Sun | C8: =INDEX(Releases!$A$2:$A$13,MATCH(A8,Releases!$B$2:$B$13,1)) -> v1.0.0
A9: 46314 | B9: =TEXT(A9,"ddd") -> Mon | C9: =INDEX(Releases!$A$2:$A$13,MATCH(A9,Releases!$B$2:$B$13,1)) -> v1.0.0
A10: 46315 | B10: =TEXT(A10,"ddd") -> Tue | C10: =INDEX(Releases!$A$2:$A$13,MATCH(A10,Releases!$B$2:$B$13,1)) -> v1.0.0
A11: 46316 | B11: =TEXT(A11,"ddd") -> Wed | C11: =INDEX(Releases!$A$2:$A$13,MATCH(A11,Releases!$B$2:$B$13,1)) -> v1.0.0
A12: 46317 | B12: =TEXT(A12,"ddd") -> Thu | C12: =INDEX(Releases!$A$2:$A$13,MATCH(A12,Releases!$B$2:$B$13,1)) -> v1.0.0
A13: 46318 | B13: =TEXT(A13,"ddd") -> Fri | C13: =INDEX(Releases!$A$2:$A$13,MATCH(A13,Releases!$B$2:$B$13,1)) -> v1.0.0
... A370: 46675 | B370: =TEXT(A370,"ddd") -> Fri | C370: =INDEX(Releases!$A$2:$A$13,MATCH(A370,Releases!$B$2:$B$13,1)) -> v5.0.0

Sheet Weeks
A1: Week starting (Mon) | B1: Week ending | C1: Planned h | D1: Logged h | E1: Gap
A2: 46307 | B2: =A2+6 -> 46313 | C2: =Settings!$B$3 -> 31.5 | D2: =SUMIFS('Daily log'!$D$2:$D$370,'Daily log'!$A$2:$A$370,">="&A2,'Daily log'!$A$2:$A$370,"<="&B2) -> 0 | E2: =D2-C2 -> -31.5
A3: 46314 | B3: =A3+6 -> 46320 | C3: =Settings!$B$3 -> 31.5 | D3: =SUMIFS('Daily log'!$D$2:$D$370,'Daily log'!$A$2:$A$370,">="&A3,'Daily log'!$A$2:$A$370,"<="&B3) -> 0 | E3: =D3-C3 -> -31.5
A4: 46321 | B4: =A4+6 -> 46327 | C4: =Settings!$B$3 -> 31.5 | D4: =SUMIFS('Daily log'!$D$2:$D$370,'Daily log'!$A$2:$A$370,">="&A4,'Daily log'!$A$2:$A$370,"<="&B4) -> 0 | E4: =D4-C4 -> -31.5
A5: 46328 | B5: =A5+6 -> 46334 | C5: =Settings!$B$3 -> 31.5 | D5: =SUMIFS('Daily log'!$D$2:$D$370,'Daily log'!$A$2:$A$370,">="&A5,'Daily log'!$A$2:$A$370,"<="&B5) -> 0 | E5: =D5-C5 -> -31.5
A6: 46335 | B6: =A6+6 -> 46341 | C6: =Settings!$B$3 -> 31.5 | D6: =SUMIFS('Daily log'!$D$2:$D$370,'Daily log'!$A$2:$A$370,">="&A6,'Daily log'!$A$2:$A$370,"<="&B6) -> 0 | E6: =D6-C6 -> -31.5
A7: 46342 | B7: =A7+6 -> 46348 | C7: =Settings!$B$3 -> 31.5 | D7: =SUMIFS('Daily log'!$D$2:$D$370,'Daily log'!$A$2:$A$370,">="&A7,'Daily log'!$A$2:$A$370,"<="&B7) -> 0 | E7: =D7-C7 -> -31.5
A8: 46349 | B8: =A8+6 -> 46355 | C8: =Settings!$B$3 -> 31.5 | D8: =SUMIFS('Daily log'!$D$2:$D$370,'Daily log'!$A$2:$A$370,">="&A8,'Daily log'!$A$2:$A$370,"<="&B8) -> 0 | E8: =D8-C8 -> -31.5
A9: 46356 | B9: =A9+6 -> 46362 | C9: =Settings!$B$3 -> 31.5 | D9: =SUMIFS('Daily log'!$D$2:$D$370,'Daily log'!$A$2:$A$370,">="&A9,'Daily log'!$A$2:$A$370,"<="&B9) -> 0 | E9: =D9-C9 -> -31.5
A10: 46363 | B10: =A10+6 -> 46369 | C10: =Settings!$B$3 -> 31.5 | D10: =SUMIFS('Daily log'!$D$2:$D$370,'Daily log'!$A$2:$A$370,">="&A10,'Daily log'!$A$2:$A$370,"<="&B10) -> 0 | E10: =D10-C10 -> -31.5
A11: 46370 | B11: =A11+6 -> 46376 | C11: =Settings!$B$3 -> 31.5 | D11: =SUMIFS('Daily log'!$D$2:$D$370,'Daily log'!$A$2:$A$370,">="&A11,'Daily log'!$A$2:$A$370,"<="&B11) -> 0 | E11: =D11-C11 -> -31.5
A12: 46377 | B12: =A12+6 -> 46383 | C12: =Settings!$B$3 -> 31.5 | D12: =SUMIFS('Daily log'!$D$2:$D$370,'Daily log'!$A$2:$A$370,">="&A12,'Daily log'!$A$2:$A$370,"<="&B12) -> 0 | E12: =D12-C12 -> -31.5
A13: 46384 | B13: =A13+6 -> 46390 | C13: =Settings!$B$3 -> 31.5 | D13: =SUMIFS('Daily log'!$D$2:$D$370,'Daily log'!$A$2:$A$370,">="&A13,'Daily log'!$A$2:$A$370,"<="&B13) -> 0 | E13: =D13-C13 -> -31.5
... A54: 46671 | B54: =A54+6 -> 46677 | C54: =Settings!$B$3 -> 31.5 | D54: =SUMIFS('Daily log'!$D$2:$D$370,'Daily log'!$A$2:$A$370,">="&A54,'Daily log'!$A$2:$A$370,"<="&B54) -> 0 | E54: =D54-C54 -> -31.5
